product_handle,product_url,reviewer_name,reviewer_email,rating,title,body,review_date
the-charcoal-chefs-24kg-of-premium-grade-lumpwood-restaurant-charcoal,https://www.staffordshirewoodfuels.co.uk/products/the-charcoal-chefs-24kg-of-premium-grade-lumpwood-restaurant-charcoal,Amazon Customer,,5,Brilliant product and service,"Firstly this charcoal is the best I've used on my smoker — nice big bits, not grainy and dusty. Secondly the lovely customer service experience was a complete pleasure. I will certainly buy from this company again. Isn't it nice when you're an appreciated customer. Thanks team! X",20/05/2025
the-charcoal-chefs-24kg-of-premium-grade-lumpwood-restaurant-charcoal,https://www.staffordshirewoodfuels.co.uk/products/the-charcoal-chefs-24kg-of-premium-grade-lumpwood-restaurant-charcoal,Amazon Customer,,5,Best charcoal I've ever bought,"Great vendor to buy from — the charcoal supplied is top quality. Forget garage/supermarket charcoal, this is the stuff you should buy from a proper supplier! I've used it in my kamado and BBQ and it burns for longer with excellent heat! Definitely getting more.",24/05/2025
the-charcoal-chefs-24kg-of-premium-grade-lumpwood-restaurant-charcoal,https://www.staffordshirewoodfuels.co.uk/products/the-charcoal-chefs-24kg-of-premium-grade-lumpwood-restaurant-charcoal,Amazon Customer,,5,Extreme heat and long cooking time,"Excellent — delivery fast, product is superb, extreme heat and long cooking time. Will always buy your product and will recommend to family and friends. P.S. thanks for the sweets!",20/07/2025
the-charcoal-chefs-24kg-of-premium-grade-lumpwood-restaurant-charcoal,https://www.staffordshirewoodfuels.co.uk/products/the-charcoal-chefs-24kg-of-premium-grade-lumpwood-restaurant-charcoal,Amazon Customer,,5,3rd order and still the most consistent,"Brilliant service! Ordered Monday, delivered Wednesday, well packaged and 1st class product. This is my 3rd order from here. I have had charcoal from other suppliers in the past and understand that views are subjective, but have found this to be the most consistent.",18/06/2025
the-charcoal-chefs-24kg-of-premium-grade-lumpwood-restaurant-charcoal,https://www.staffordshirewoodfuels.co.uk/products/the-charcoal-chefs-24kg-of-premium-grade-lumpwood-restaurant-charcoal,Amazon Customer,,5,Quality charcoal with a lovely surprise,"Quality charcoal, have used many times and will use again. Even received a box of matches, and another small gift (no spoilers) with the order.",18/07/2025
the-charcoal-chefs-24kg-of-premium-grade-lumpwood-restaurant-charcoal,https://www.staffordshirewoodfuels.co.uk/products/the-charcoal-chefs-24kg-of-premium-grade-lumpwood-restaurant-charcoal,Amazon Customer,,5,Excellent service with thoughtful extras,"Excellent service, quick delivery and well thought out little extras — the fact sheet for starting a fire, the matches and the Haribo. Looking forward to firing up the BBQ. Thank you, Sammy.",22/05/2025
the-charcoal-chefs-24kg-of-premium-grade-lumpwood-restaurant-charcoal,https://www.staffordshirewoodfuels.co.uk/products/the-charcoal-chefs-24kg-of-premium-grade-lumpwood-restaurant-charcoal,Amazon Customer,,5,Perfect for Kamado cooking,Great quality charcoal. The seller clearly takes pride in their products. Burns very well and almost certainly fine to cook low and slow on all day in a Kamado without refueling. Will be buying again.,04/04/2025
the-charcoal-chefs-24kg-of-premium-grade-lumpwood-restaurant-charcoal,https://www.staffordshirewoodfuels.co.uk/products/the-charcoal-chefs-24kg-of-premium-grade-lumpwood-restaurant-charcoal,Amazon Customer,,5,Works brilliantly in my Big Green Egg,"Arrived sooner than expected. They were in a sturdy cardboard box, which helps stop the charcoal getting bashed into small lumps. Came with instructions and disposable gloves — great product and a good price, works well in my Big Green Egg.",21/04/2024
the-charcoal-chefs-24kg-of-premium-grade-lumpwood-restaurant-charcoal,https://www.staffordshirewoodfuels.co.uk/products/the-charcoal-chefs-24kg-of-premium-grade-lumpwood-restaurant-charcoal,Amazon Customer,,5,No smoke — just heat,I've had plenty of restaurant grade charcoals over the years but this is brilliant. No smoke but plenty of heat. I'll be ordering again and again.,22/06/2024
the-charcoal-chefs-24kg-of-premium-grade-lumpwood-restaurant-charcoal,https://www.staffordshirewoodfuels.co.uk/products/the-charcoal-chefs-24kg-of-premium-grade-lumpwood-restaurant-charcoal,Amazon Customer,,5,Went above and beyond,"Perfect seller. All items sent in time and with a personal note, instructions how to best light the coal, some treats and even gloves so I don't get dirty carrying the charcoal. A very nice gesture that really makes a difference. I will definitely buy again.",04/08/2024
the-charcoal-chefs-24kg-of-premium-grade-lumpwood-restaurant-charcoal,https://www.staffordshirewoodfuels.co.uk/products/the-charcoal-chefs-24kg-of-premium-grade-lumpwood-restaurant-charcoal,Amazon Customer,,5,Impressed with the quality,"This is my second order — I was so impressed with the quality of the first. The lumps are big right down to the bottom of the bag, it lights well, burns well and stays hot. Fast order turnaround and excellent delivery. A very good supplier.",20/05/2024
the-charcoal-chefs-24kg-of-premium-grade-lumpwood-restaurant-charcoal,https://www.staffordshirewoodfuels.co.uk/products/the-charcoal-chefs-24kg-of-premium-grade-lumpwood-restaurant-charcoal,Amazon Customer,,5,Restaurant grade — and it shows,Bought the restaurant grade charcoal for my barbecue and I'm very pleased. The chunk size of the lump wood is excellent — just as described!,17/03/2025
the-charcoal-chefs-24kg-of-premium-grade-lumpwood-restaurant-charcoal,https://www.staffordshirewoodfuels.co.uk/products/the-charcoal-chefs-24kg-of-premium-grade-lumpwood-restaurant-charcoal,Amazon Customer,,5,Great lumpwood — lasts well,"Great lumpwood charcoal, lasts well with good size pieces. Will purchase again.",21/07/2024
the-charcoal-chefs-24kg-of-premium-grade-lumpwood-restaurant-charcoal,https://www.staffordshirewoodfuels.co.uk/products/the-charcoal-chefs-24kg-of-premium-grade-lumpwood-restaurant-charcoal,Amazon Customer,,5,Arrived next day with a gift,"Quick delivery, good kindling and the Haribo was a pleasant surprise treat.",17/12/2024
the-charcoal-chefs-24kg-of-premium-grade-lumpwood-restaurant-charcoal,https://www.staffordshirewoodfuels.co.uk/products/the-charcoal-chefs-24kg-of-premium-grade-lumpwood-restaurant-charcoal,Amazon Customer,,5,Absolutely amazed by the speed,"Ordered yesterday afternoon, arrived 9.45 this morning. Doesn't get better than that. I only expected 3 sacks but received 5! Also arrived with a small confectionary gift. The kindling looks perfect — very dry and an ideal size. Will certainly be using this company again.",27/02/2024
the-charcoal-chefs-24kg-of-premium-grade-lumpwood-restaurant-charcoal,https://www.staffordshirewoodfuels.co.uk/products/the-charcoal-chefs-24kg-of-premium-grade-lumpwood-restaurant-charcoal,Amazon Customer,,5,Best kindling I've ever bought,"Well there is not a lot you can say about kindling fire wood except it is the best I have ever bought — delivered on time, very well packaged, and good value for money. Will re-order from Xylo UK again. Very pleased, thank you.",28/01/2024
the-charcoal-chefs-24kg-of-premium-grade-lumpwood-restaurant-charcoal,https://www.staffordshirewoodfuels.co.uk/products/the-charcoal-chefs-24kg-of-premium-grade-lumpwood-restaurant-charcoal,Amazon Customer,,5,Second time purchasing,"Second time purchasing kindling from this seller — amazingly quick delivery and the wood is amazing, perfect size and properly dry so it lights super quick. Will continue to order. Free delivery for an item over 15kg is fantastic. Thank you.",21/11/2024
the-charcoal-chefs-24kg-of-premium-grade-lumpwood-restaurant-charcoal,https://www.staffordshirewoodfuels.co.uk/products/the-charcoal-chefs-24kg-of-premium-grade-lumpwood-restaurant-charcoal,Amazon Customer,,5,Kindling contained in easy-to-handle sacks,Service was fast and efficient. Arrived neatly packaged in a box. Kindling contained in 6 easy to handle netted sacks. Excellent kindling for an open fire or stove. Highly recommended A+.,16/11/2024
the-charcoal-chefs-24kg-of-premium-grade-lumpwood-restaurant-charcoal,https://www.staffordshirewoodfuels.co.uk/products/the-charcoal-chefs-24kg-of-premium-grade-lumpwood-restaurant-charcoal,Amazon Customer,,5,With a personal note from Sammy,"Arrived on time, very well packaged, personal message and gift from Sammy which was a very nice touch. All round excellent product and service.",13/04/2024
the-charcoal-chefs-24kg-of-premium-grade-lumpwood-restaurant-charcoal,https://www.staffordshirewoodfuels.co.uk/products/the-charcoal-chefs-24kg-of-premium-grade-lumpwood-restaurant-charcoal,Amazon Customer,,5,Excellent service from a British producer,Excellent service. Very good quality charcoal and good to buy from a British producer.,15/05/2025
the-charcoal-chefs-24kg-of-premium-grade-lumpwood-restaurant-charcoal,https://www.staffordshirewoodfuels.co.uk/products/the-charcoal-chefs-24kg-of-premium-grade-lumpwood-restaurant-charcoal,Amazon Customer,,5,Said what they did. Did what they said.,Said what they did. Did what they said. Refreshing change! Good seller.,31/01/2025
the-charcoal-chefs-24kg-of-premium-grade-lumpwood-restaurant-charcoal,https://www.staffordshirewoodfuels.co.uk/products/the-charcoal-chefs-24kg-of-premium-grade-lumpwood-restaurant-charcoal,Amazon Customer,,5,Consistently good and fairly priced,Consistently good product at a fair price and always delivered promptly. What more could one ask for?,05/04/2026
the-charcoal-chefs-24kg-of-premium-grade-lumpwood-restaurant-charcoal,https://www.staffordshirewoodfuels.co.uk/products/the-charcoal-chefs-24kg-of-premium-grade-lumpwood-restaurant-charcoal,Amazon Customer,,5,Well packaged and delivered swiftly,"The charcoal was well packaged, as described and delivered swiftly. Can't ask for more.",19/02/2026
the-charcoal-chefs-24kg-of-premium-grade-lumpwood-restaurant-charcoal,https://www.staffordshirewoodfuels.co.uk/products/the-charcoal-chefs-24kg-of-premium-grade-lumpwood-restaurant-charcoal,Amazon Customer,,5,Highly recommended,I have used this company several times now and they have not let me down.,11/10/2025
the-charcoal-chefs-24kg-of-premium-grade-lumpwood-restaurant-charcoal,https://www.staffordshirewoodfuels.co.uk/products/the-charcoal-chefs-24kg-of-premium-grade-lumpwood-restaurant-charcoal,Amazon Customer,,5,Have bought multiple times,Have bought multiple times — good price and excellent delivery.,19/12/2025
the-charcoal-chefs-24kg-of-premium-grade-lumpwood-restaurant-charcoal,https://www.staffordshirewoodfuels.co.uk/products/the-charcoal-chefs-24kg-of-premium-grade-lumpwood-restaurant-charcoal,Amazon Customer,,5,Great seller — product is perfect,"Great seller, highly recommend and product is perfect.",27/12/2025
the-charcoal-chefs-24kg-of-premium-grade-lumpwood-restaurant-charcoal,https://www.staffordshirewoodfuels.co.uk/products/the-charcoal-chefs-24kg-of-premium-grade-lumpwood-restaurant-charcoal,Amazon Customer,,5,Very dry and lights super quick,"Very good kindling, dry and burns well. Would recommend.",02/08/2023
the-charcoal-chefs-24kg-of-premium-grade-lumpwood-restaurant-charcoal,https://www.staffordshirewoodfuels.co.uk/products/the-charcoal-chefs-24kg-of-premium-grade-lumpwood-restaurant-charcoal,Amazon Customer,,5,Awesome — a note and a treat from Sammy,"Awesome service from this company. When I opened my order there was a note and a treat from Sammy which made me smile. Thanks again, I really appreciate it.",17/08/2024
the-charcoal-chefs-24kg-of-premium-grade-lumpwood-restaurant-charcoal,https://www.staffordshirewoodfuels.co.uk/products/the-charcoal-chefs-24kg-of-premium-grade-lumpwood-restaurant-charcoal,Amazon Customer,,5,The little touches that make you remember,Omg will def use again. They even supplied the matches and gave us sweets to say thank you for the order! It's the little touches like these that will make us remember and use again. I wish them every success.,11/07/2025
the-charcoal-chefs-24kg-of-premium-grade-lumpwood-restaurant-charcoal,https://www.staffordshirewoodfuels.co.uk/products/the-charcoal-chefs-24kg-of-premium-grade-lumpwood-restaurant-charcoal,Amazon Customer,,5,Arrived ahead of schedule with a treat,Great wood at a good price and all delivered ahead of schedule. Also (spoiler alert) the little treat in the box was very much appreciated and enjoyed :) THANKYOU,12/11/2024
